Name,Email,Age,DistAmt
Sharat,sharat.tadimalla@capitalone.com,40,3
Sumod,Sumod.Soman@capitalone.com,40,3
Malathi,Malathi.Vakkalanka@capitalone.com,40,3
Naveen,naveen.chandran@capitalone.com,40,3
Kranthi,KranthiKumar.Katepalli@capitalone.com,40,3
Joe,joe.taylor@capitalone.com,40,3
Francis,francis.acu@capitalone.com,40,3
Bharath,bharathbhushan.sreeravindra@capitalone.com,40,3
Cary,cary.zhou@capitalone.com,40,3